{
  "base": "squareMetre",
  "conversions": {
    "squareMetre": [[0, 1], [0, 1]],
    "squareKilometre": [[0, 1e6], [0, 1]],
    "hectare": [[0, 1e4], [0, 1]],
    "squareMile": [[0, 2589988.110336], [0, 1]],
    "acre": [[0, 4046.8564224], [0, 1]],
    "squareYard": [[0, 0.83612736], [0, 1]],
    "squareFoot": [[0, 0.09290304], [0, 1]],
    "squareInch": [[0, 0.00064516], [0, 1]]
  }
}
